rho,Ex,Ey,Ez,Gxy,Gyz,Gxz,vxy,vyz,vxz,alpha,beta,L,W,T
404.6,10545946650.8509,1551887388.46542,357733822.045568,800262058.348057,27729131.6465828,912644561.736016,0.360237560698439,1.08942632431422,0.976856474320429,0,6e-07,0.579,0.218,0.005
2.81846471382075,14.9998675257628,11.7966337169896,14.4175563435172,7.68364692617289,20.4595385307982,23.1240142994579,11.3956374376818,18.7586274713819,9.52869032382212,NaN,1.76465197344646e-14,1.91748363493119e-14,1.27319154200133e-14,1.73472347597681e-14
