rho,Ex,Ey,Ez,Gxy,Gyz,Gxz,vxy,vyz,vxz,alpha,beta,L,W,T
446.7,12870740191.5069,601614349.703295,420967159.064296,668867149.84881,21392135.8244844,527913658.97156,0.350494218777582,0.59516601313319,0.602844524369579,0.1,2e-07,0.58,0.217,0.004
3.5986425073416,5.6328334484014,13.3413496821898,30.0713888759663,21.2501112433269,26.3143434752042,66.4510661172086,57.8503530800197,50.6801523619248,35.2581956764388,1.38777878078145e-14,0,0,1.27905878413036e-14,2.16840434497101e-14
