rho,Ex,Ey,Ez,Gxy,Gyz,Gxz,vxy,vyz,vxz,alpha,beta,L,W,T
480.3,17375765779.673,1716916334.66721,340378679.348074,1018955183.20655,37476466.0929407,856263601.1684,0.221478123093545,1.06977429639349,0.78831113349247,0.1,8e-07,0.577,0.209,0.004
1.78144581308617,4.56853310298775,13.2344678305683,28.6093827955193,12.0128188642443,21.2874384618988,20.6854230235016,47.7580863997696,40.9138540345552,43.9043953096221,1.38777878078145e-14,0,0,1.32801797203966e-14,2.16840434497101e-14
