rho,Ex,Ey,Ez,Gxy,Gyz,Gxz,vxy,vyz,vxz,alpha,beta,L,W,T
433.1,11429450291.6421,763653655.612161,423722370.453781,841525805.718352,22232393.7656978,591218674.396816,0.442789138589729,0.524095125512987,0.347748142073219,0,1.6e-06,0.581,0.217,0.005
2.83247207805168,2.6242033132982,25.2726251131114,31.3335372888914,3.79855714107969,28.3237035479163,49.4581866358591,19.8760444324847,47.3098592051528,44.98754257122,NaN,0,1.91088300279717e-14,1.27905878413036e-14,1.73472347597681e-14
