rho,Ex,Ey,Ez,Gxy,Gyz,Gxz,vxy,vyz,vxz,alpha,beta,L,W,T
429.13116393649,12134811833.3712,998968733.548741,347967865.199169,797620021.032967,22180811.385329,534473866.052023,0.471366403824126,0.583282525451477,0.512656070545531,10,4e-06,0.5814,0.2176,0.005
1.72040083939154,1.79706981886022,1.70368489110037,39.8769819262761,1.94914297659422,9.26507830522956,24.2694600969645,10.1916984815009,33.7720847582115,22.5175355456568,0,2.23212780544071e-14,2.01286175242329e-14,1.34452874868899e-14,1.82855909821703e-14
