rho,Ex,Ey,Ez,Gxy,Gyz,Gxz,vxy,vyz,vxz,alpha,beta,L,W,T
413.5,9931619303.16918,1198784547.65417,579782385.098578,650480625.851184,18719122.0451766,706386251.935321,0.127959911949591,0.849217564338091,0.514812593740329,0,4e-07,0.58,0.217,0.005
2.15018299689434,3.16120251754126,5.67937762842755,24.7041905267929,2.29941590079501,43.2293834851158,37.7929244457244,77.9379097307625,29.979410903516,34.8309027521524,NaN,0,0,1.27905878413036e-14,1.73472347597681e-14
