rho,Ex,Ey,Ez,Gxy,Gyz,Gxz,vxy,vyz,vxz,alpha,beta,L,W,T
398.5,7679149718.15919,845477773.389967,694769487.18723,542746429.800493,32123094.7888645,710374446.966162,0.133524549734873,0.829602987834462,0.411065792353357,0,1e-06,0.58,0.213,0.005
2.225466379706,5.32726947601374,15.39758655523,44.9338773392096,3.76921426275088,22.7038488400532,20.9779926870907,34.3946796943454,22.7673891800878,36.6079327763515,NaN,2.11758236813575e-14,0,1.30307866740042e-14,1.73472347597681e-14
