rho,Ex,Ey,Ez,Gxy,Gyz,Gxz,vxy,vyz,vxz,alpha,beta,L,W,T
426.6,10320742715.8173,918301119.517407,500982042.078686,676956386.370759,37151633.987603,664625914.433805,0.178656022515465,0.644067392245232,0.389899292740799,0,7e-07,0.58,0.217,0.005
1.23684068994589,1.29662764424878,1.29933847100821,21.7917002271353,1.24526624384986,11.9191243387341,34.6294765566137,35.3501456247041,34.0466764610662,35.3604569181409,NaN,0,0,1.27905878413036e-14,1.73472347597681e-14
