rho,Ex,Ey,Ez,Gxy,Gyz,Gxz,vxy,vyz,vxz,alpha,beta,L,W,T
402.3,10208015428.9514,747430889.342906,370028626.656998,680790750.460087,28904379.1860347,564646449.710563,0.386047275433808,0.602900211051581,0.459862882205436,0,5e-07,0.576,0.216,0.005
4.46051133031801,5.01001033324879,22.0730107602723,34.1741307115945,3.30093534050351,19.5993110919457,35.3580046744601,39.9232127159236,34.5478015970929,43.0490441731332,NaN,2.11758236813575e-14,1.92747052886312e-14,1.28498035257541e-14,1.73472347597681e-14
