Ex,Ey,Ez,Gxy,Gyz,Gxz,vxy,vyz,vxz,alpha,beta
13349291548.3485,828181797.585406,768439098.39105,722963393.950094,25814796.7581471,1942854371.47138,0.305689745918008,0.783853724738189,0.370289067899727,19,7e-06
